timestamp,packets_sent,bytes_sent,elapsed_time,packet_rate,bandwidth,cpu_usage,memory_usage,network_bytes_sent,network_bytes_recv,network_packets_sent,network_packets_recv,attack_intensity,src_ip,dest_ip
2024-09-22 18:24:57.519853,0,0,0.8355538845062256,0.0,0.0,100.0,46.4,138358250,22855770301,335369,16399449,1.0,,192.168.1.100
2024-09-22 18:24:58.522996,0,0,1.8386967182159424,0.0,0.0,69.2,46.6,138376236,22855790141,335481,16399561,1.0,,192.168.1.100
2024-09-22 18:24:59.524680,0,0,2.840381383895874,0.0,0.0,30.8,46.9,138399753,22855813067,335577,16399652,1.0,,192.168.1.100
2024-09-22 18:25:00.526248,0,0,3.841949462890625,0.0,0.0,15.2,46.8,138453570,22855853238,335745,16399808,1.0,,192.168.1.100
2024-09-22 18:25:01.527765,0,0,4.843465566635132,0.0,0.0,2.0,46.8,138457441,22855856732,335772,16399833,1.0,,192.168.1.100
2024-09-22 18:25:02.529355,0,0,5.845056056976318,0.0,0.0,4.5,46.9,138470046,22855872084,335812,16399872,1.0,,192.168.1.100
2024-09-22 18:25:03.530968,0,0,6.84666895866394,0.0,0.0,4.5,46.9,138563609,22855938234,335849,16399918,1.0,,192.168.1.100
2024-09-22 18:25:04.532512,0,0,7.848212718963623,0.0,0.0,9.1,46.9,138729178,22856094981,335977,16400060,1.0,,192.168.1.100
2024-09-22 18:25:05.534126,0,0,8.849827289581299,0.0,0.0,19.1,46.8,138767990,22856140961,336192,16400273,1.0,,192.168.1.100
2024-09-22 18:25:06.535728,0,0,9.851429224014282,0.0,0.0,4.5,46.9,138914227,22856289770,336278,16400379,1.0,,192.168.1.100
2024-09-22 18:25:07.537247,0,0,10.85294771194458,0.0,0.0,4.5,46.9,138945951,22856330067,336420,16400526,1.0,,192.168.1.100
2024-09-22 18:25:08.541609,0,0,11.85731029510498,0.0,0.0,11.5,46.2,138970710,22856343185,336494,16400595,1.1,,192.168.1.100
2024-09-22 18:25:09.543248,0,0,12.858948707580566,0.0,0.0,6.5,46.2,138972051,22856344654,336504,16400605,1.1,,192.168.1.100
2024-09-22 18:25:10.544876,0,0,13.860576868057251,0.0,0.0,9.0,46.4,138994953,22856381463,336557,16400660,1.1,,192.168.1.100
2024-09-22 18:25:11.545635,0,0,14.861335754394531,0.0,0.0,7.5,46.3,139032498,22856437581,336654,16400761,1.1,,192.168.1.100
2024-09-22 18:25:12.546812,0,0,15.862512588500977,0.0,0.0,4.5,46.3,139095332,22856478534,336729,16400831,1.1,,192.168.1.100
2024-09-22 18:25:13.548460,0,0,16.864161252975464,0.0,0.0,3.0,46.3,139104404,22856494623,336751,16400854,1.1,,192.168.1.100
2024-09-22 18:25:14.550193,0,0,17.865893840789795,0.0,0.0,10.0,46.3,139134662,22856506905,336826,16400920,1.1,,192.168.1.100
2024-09-22 18:25:15.551778,0,0,18.86747932434082,0.0,0.0,9.5,46.5,139136068,22856508024,336837,16400929,1.1,,192.168.1.100
2024-09-22 18:25:16.553386,0,0,19.86908721923828,0.0,0.0,9.1,46.2,139158215,22856543002,336890,16400984,1.1,,192.168.1.100
2024-09-22 18:25:17.554981,0,0,20.870681762695312,0.0,0.0,4.0,46.2,139264277,22856618337,336989,16401077,1.1,,192.168.1.100
2024-09-22 18:25:18.559453,0,0,21.87515425682068,0.0,0.0,32.2,46.3,139306222,22856635268,337064,16401141,1.2100000000000002,,192.168.1.100
2024-09-22 18:25:19.561129,0,0,22.876829624176025,0.0,0.0,10.0,46.3,139321187,22856647734,337125,16401202,1.2100000000000002,,192.168.1.100
2024-09-22 18:25:20.562733,0,0,23.87843418121338,0.0,0.0,4.0,46.3,139338451,22856654992,337158,16401231,1.2100000000000002,,192.168.1.100
2024-09-22 18:25:21.564252,0,0,24.879953145980835,0.0,0.0,9.6,46.5,139359346,22856678664,337277,16401346,1.2100000000000002,,192.168.1.100
2024-09-22 18:25:22.565603,0,0,25.881303548812866,0.0,0.0,3.0,46.5,139372128,22856696497,337319,16401388,1.2100000000000002,,192.168.1.100
2024-09-22 18:25:23.567184,0,0,26.882885456085205,0.0,0.0,11.5,46.5,139394788,22856733266,337374,16401442,1.2100000000000002,,192.168.1.100
2024-09-22 18:25:24.568827,0,0,27.884528160095215,0.0,0.0,21.6,46.4,139437452,22856776462,337447,16401514,1.2100000000000002,,192.168.1.100
2024-09-22 18:25:25.570417,0,0,28.886117935180664,0.0,0.0,9.1,46.1,139443622,22856785835,337494,16401552,1.2100000000000002,,192.168.1.100
2024-09-22 18:25:26.571929,0,0,29.887630462646484,0.0,0.0,9.0,46.1,139475471,22856807342,337577,16401633,1.2100000000000002,,192.168.1.100
2024-09-22 18:25:27.573463,0,0,30.889164447784424,0.0,0.0,8.5,46.1,139481902,22856815330,337614,16401670,1.2100000000000002,,192.168.1.100
2024-09-22 18:25:28.577590,0,0,31.893290996551514,0.0,0.0,6.5,46.1,139575292,22856877295,337692,16401744,1.3310000000000004,,192.168.1.100
2024-09-22 18:25:29.579112,0,0,32.89481329917908,0.0,0.0,8.5,46.1,139586751,22856886565,337733,16401780,1.3310000000000004,,192.168.1.100
2024-09-22 18:25:30.580625,0,0,33.89632606506348,0.0,0.0,2.5,46.1,139609371,22856894306,337784,16401825,1.3310000000000004,,192.168.1.100
2024-09-22 18:25:31.581939,0,0,34.897639751434326,0.0,0.0,16.9,45.3,139611630,22856896448,337799,16401839,1.3310000000000004,,192.168.1.100
2024-09-22 18:25:32.584066,0,0,35.89976739883423,0.0,0.0,27.6,44.7,139638328,22856928363,337950,16401991,1.3310000000000004,,192.168.1.100
2024-09-22 18:25:33.585587,0,0,36.90128803253174,0.0,0.0,32.5,44.7,139671303,22856952631,338003,16402044,1.3310000000000004,,192.168.1.100
2024-09-22 18:25:34.587258,0,0,37.90295910835266,0.0,0.0,19.1,44.8,139678685,22856961528,338044,16402085,1.3310000000000004,,192.168.1.100
2024-09-22 18:25:35.588871,0,0,38.904571771621704,0.0,0.0,9.6,45.1,139681899,22856965035,338064,16402103,1.3310000000000004,,192.168.1.100
2024-09-22 18:25:36.589670,0,0,39.90537095069885,0.0,0.0,6.5,45.1,139731706,22857005078,338265,16402296,1.3310000000000004,,192.168.1.100
2024-09-22 18:25:37.591243,0,0,40.906943798065186,0.0,0.0,6.0,45.1,139750058,22857026785,338368,16402398,1.3310000000000004,,192.168.1.100
2024-09-22 18:25:38.595510,0,0,41.911211013793945,0.0,0.0,5.0,45.2,139762125,22857041241,338431,16402460,1.4641000000000006,,192.168.1.100
2024-09-22 18:25:39.597177,0,0,42.912877559661865,0.0,0.0,9.6,45.2,139774625,22857055802,338503,16402529,1.4641000000000006,,192.168.1.100
2024-09-22 18:25:40.598801,0,0,43.91450214385986,0.0,0.0,5.4,45.2,139807229,22857093893,338687,16402710,1.4641000000000006,,192.168.1.100
2024-09-22 18:25:41.600356,0,0,44.916056632995605,0.0,0.0,2.0,45.2,139808386,22857094601,338694,16402715,1.4641000000000006,,192.168.1.100
2024-09-22 18:25:42.601616,0,0,45.917317152023315,0.0,0.0,3.0,45.2,139841620,22857119681,338759,16402776,1.4641000000000006,,192.168.1.100
2024-09-22 18:25:43.603184,0,0,46.91888499259949,0.0,0.0,18.6,44.8,139936176,22857185802,338836,16402849,1.4641000000000006,,192.168.1.100
2024-09-22 18:25:44.604704,0,0,47.92040467262268,0.0,0.0,8.6,44.8,139965648,22857217857,338987,16403000,1.4641000000000006,,192.168.1.100
2024-09-22 18:25:45.605610,0,0,48.921310901641846,0.0,0.0,14.6,45.3,139975454,22857228818,339032,16403040,1.4641000000000006,,192.168.1.100
2024-09-22 18:25:46.607279,0,0,49.92297959327698,0.0,0.0,4.0,44.9,139995775,22857255218,339137,16403147,1.4641000000000006,,192.168.1.100
2024-09-22 18:25:47.608852,0,0,50.92455291748047,0.0,0.0,2.1,44.9,140022564,22857286822,339290,16403299,1.4641000000000006,,192.168.1.100
2024-09-22 18:25:48.613145,0,0,51.92884635925293,0.0,0.0,10.4,45.1,140055215,22857307091,339396,16403399,1.6105100000000008,,192.168.1.100
2024-09-22 18:25:49.614792,0,0,52.930492639541626,0.0,0.0,10.5,45.1,140056157,22857307734,339403,16403403,1.6105100000000008,,192.168.1.100
2024-09-22 18:25:50.616336,0,0,53.932037353515625,0.0,0.0,0.5,45.1,140058585,22857310141,339421,16403419,1.6105100000000008,,192.168.1.100
2024-09-22 18:25:51.617947,0,0,54.933647871017456,0.0,0.0,3.0,45.1,140060072,22857311047,339433,16403427,1.6105100000000008,,192.168.1.100
2024-09-22 18:25:52.619592,0,0,55.93529295921326,0.0,0.0,0.5,45.1,140060947,22857311917,339439,16403432,1.6105100000000008,,192.168.1.100
2024-09-22 18:25:53.621192,0,0,56.93689298629761,0.0,0.0,5.1,45.1,140062056,22857313021,339449,16403441,1.6105100000000008,,192.168.1.100
2024-09-22 18:25:54.622821,0,0,57.93852233886719,0.0,0.0,9.5,45.1,140082751,22857318802,339487,16403471,1.6105100000000008,,192.168.1.100
2024-09-22 18:25:55.624473,0,0,58.9401741027832,0.0,0.0,16.8,45.1,140092682,22857330452,339548,16403529,1.6105100000000008,,192.168.1.100
2024-09-22 18:25:56.626021,0,0,59.94172191619873,0.0,0.0,3.0,45.1,140110488,22857350435,339650,16403628,1.6105100000000008,,192.168.1.100
2024-09-22 18:25:57.627732,0,0,60.943432569503784,0.0,0.0,5.5,45.1,140163614,22857419324,339740,16403729,1.6105100000000008,,192.168.1.100
2024-09-22 18:25:58.632049,0,0,61.947749614715576,0.0,0.0,6.4,45.1,140188426,22857445105,339844,16403826,1.771561000000001,,192.168.1.100
2024-09-22 18:25:59.633616,0,0,62.94931674003601,0.0,0.0,11.7,45.2,140205446,22857457874,339898,16403875,1.771561000000001,,192.168.1.100
2024-09-22 18:26:00.635234,0,0,63.95093512535095,0.0,0.0,6.0,45.2,140225403,22857463699,339931,16403902,1.771561000000001,,192.168.1.100
2024-09-22 18:26:01.636857,0,0,64.95255827903748,0.0,0.0,3.5,45.2,140248814,22857500703,339987,16403958,1.771561000000001,,192.168.1.100
2024-09-22 18:26:02.637619,0,0,65.95331978797913,0.0,0.0,1.0,45.2,140252111,22857505621,340001,16403971,1.771561000000001,,192.168.1.100
2024-09-22 18:26:03.639265,0,0,66.95496582984924,0.0,0.0,3.0,45.2,140265907,22857508614,340030,16403997,1.771561000000001,,192.168.1.100
2024-09-22 18:26:04.640872,0,0,67.95657348632812,0.0,0.0,7.5,45.2,140423480,22857596866,340095,16404055,1.771561000000001,,192.168.1.100
2024-09-22 18:26:05.641659,0,0,68.957359790802,0.0,0.0,18.9,45.2,140535716,22857686931,340244,16404197,1.771561000000001,,192.168.1.100
2024-09-22 18:26:06.643317,0,0,69.95901775360107,0.0,0.0,8.0,45.2,140583192,22857710218,340350,16404293,1.771561000000001,,192.168.1.100
2024-09-22 18:26:07.645035,0,0,70.96073627471924,0.0,0.0,4.5,45.2,140604261,22857743332,340404,16404350,1.771561000000001,,192.168.1.100
2024-09-22 18:26:08.649852,0,0,71.9655532836914,0.0,0.0,3.0,45.2,140626475,22857777440,340471,16404423,1.9487171000000014,,192.168.1.100
2024-09-22 18:26:09.651452,0,0,72.96715307235718,0.0,0.0,5.5,45.2,140720137,22857822459,340519,16404464,1.9487171000000014,,192.168.1.100
2024-09-22 18:26:10.652997,0,0,73.96869850158691,0.0,0.0,41.8,44.7,140723675,22857825606,340546,16404487,1.9487171000000014,,192.168.1.100
2024-09-22 18:26:11.654708,0,0,74.97040915489197,0.0,0.0,32.5,44.6,140724964,22857826380,340555,16404493,1.9487171000000014,,192.168.1.100
2024-09-22 18:26:12.656346,0,0,75.97204732894897,0.0,0.0,27.1,44.6,140744390,22857831342,340583,16404515,1.9487171000000014,,192.168.1.100
2024-09-22 18:26:13.657990,0,0,76.97369146347046,0.0,0.0,3.5,44.6,140745697,22857832644,340596,16404527,1.9487171000000014,,192.168.1.100
2024-09-22 18:26:14.659650,0,0,77.97535109519958,0.0,0.0,5.0,44.6,140762371,22857858163,340640,16404571,1.9487171000000014,,192.168.1.100
2024-09-22 18:26:15.661268,0,0,78.97696876525879,0.0,0.0,13.6,44.3,140763711,22857859216,340650,16404579,1.9487171000000014,,192.168.1.100
2024-09-22 18:26:16.662926,0,0,79.9786274433136,0.0,0.0,9.6,44.1,140772383,22857867777,340676,16404604,1.9487171000000014,,192.168.1.100
2024-09-22 18:26:17.664576,0,0,80.9802770614624,0.0,0.0,3.5,44.1,140773141,22857868302,340680,16404606,1.9487171000000014,,192.168.1.100
2024-09-22 18:26:18.669024,0,0,81.98472499847412,0.0,0.0,1.0,44.1,140792735,22857873498,340711,16404632,2.0,,192.168.1.100
2024-09-22 18:26:19.670743,0,0,82.98644423484802,0.0,0.0,5.5,44.1,140793493,22857874089,340715,16404635,2.0,,192.168.1.100
2024-09-22 18:26:20.672345,0,0,83.98804640769958,0.0,0.0,8.5,44.1,140812021,22857883359,340768,16404685,2.0,,192.168.1.100
2024-09-22 18:26:21.673984,0,0,84.98968458175659,0.0,0.0,8.0,44.1,140822050,22857894337,340827,16404741,2.0,,192.168.1.100
2024-09-22 18:26:22.675601,0,0,85.99130201339722,0.0,0.0,0.5,44.1,140829389,22857902607,340869,16404782,2.0,,192.168.1.100
2024-09-22 18:26:23.677235,0,0,86.99293565750122,0.0,0.0,3.0,44.1,140830498,22857903711,340879,16404791,2.0,,192.168.1.100
2024-09-22 18:26:24.678908,0,0,87.99460887908936,0.0,0.0,4.5,44.1,140852114,22857910793,340922,16404827,2.0,,192.168.1.100
2024-09-22 18:26:25.680539,0,0,88.99623966217041,0.0,0.0,6.6,44.1,140860862,22857922887,340988,16404883,2.0,,192.168.1.100
2024-09-22 18:26:26.682129,0,0,89.9978301525116,0.0,0.0,17.6,44.3,140874297,22857938229,341069,16404963,2.0,,192.168.1.100
2024-09-22 18:26:27.683639,0,0,90.99934005737305,0.0,0.0,6.5,44.3,140875041,22857938806,341073,16404966,2.0,,192.168.1.100
2024-09-22 18:26:28.688037,0,0,92.00373792648315,0.0,0.0,2.5,44.3,140885244,22857950468,341139,16405031,2.0,,192.168.1.100
2024-09-22 18:26:29.689639,0,0,93.0053403377533,0.0,0.0,5.0,44.3,140885936,22857950993,341142,16405033,2.0,,192.168.1.100
2024-09-22 18:26:30.691149,0,0,94.00684952735901,0.0,0.0,6.0,44.3,140906941,22857956677,341182,16405064,2.0,,192.168.1.100
2024-09-22 18:26:31.692745,0,0,95.00844621658325,0.0,0.0,6.2,44.0,140910014,22857960937,341195,16405076,2.0,,192.168.1.100
2024-09-22 18:26:32.693615,0,0,96.0093162059784,0.0,0.0,4.0,44.0,140911595,22857962407,341205,16405084,2.0,,192.168.1.100
2024-09-22 18:26:33.695196,0,0,97.01089692115784,0.0,0.0,3.5,44.0,140912798,22857963577,341216,16405094,2.0,,192.168.1.100
2024-09-22 18:26:34.696697,0,0,98.01239824295044,0.0,0.0,4.0,44.0,140924764,22857977206,341288,16405165,2.0,,192.168.1.100
2024-09-22 18:26:35.697596,0,0,99.01329731941223,0.0,0.0,9.5,44.0,140942495,22857997052,341392,16405266,2.0,,192.168.1.100
2024-09-22 18:26:36.699255,0,0,100.01495552062988,0.0,0.0,9.5,44.2,140962442,22858002495,341421,16405289,2.0,,192.168.1.100
2024-09-22 18:26:37.700770,0,0,101.01647090911865,0.0,0.0,7.5,44.3,140971980,22858015206,341471,16405338,2.0,,192.168.1.100
2024-09-22 18:26:38.706436,0,0,102.02213668823242,0.0,0.0,3.0,44.3,140973089,22858016310,341481,16405347,2.0,,192.168.1.100
2024-09-22 18:26:39.708037,0,0,103.02373766899109,0.0,0.0,4.0,44.3,140982070,22858026400,341535,16405399,2.0,,192.168.1.100
2024-09-22 18:26:40.709663,0,0,104.02536392211914,0.0,0.0,10.4,44.3,140992848,22858038509,341598,16405458,2.0,,192.168.1.100
2024-09-22 18:26:41.711277,0,0,105.02697849273682,0.0,0.0,0.5,44.3,140994334,22858039658,341609,16405466,2.0,,192.168.1.100
2024-09-22 18:26:42.712890,0,0,106.02859115600586,0.0,0.0,9.6,44.4,141013976,22858044392,341637,16405487,2.0,,192.168.1.100
2024-09-22 18:26:43.714520,0,0,107.0302209854126,0.0,0.0,1.0,44.4,141015085,22858045496,341647,16405496,2.0,,192.168.1.100
2024-09-22 18:26:44.716123,0,0,108.03182435035706,0.0,0.0,5.0,44.4,141015777,22858046021,341650,16405498,2.0,,192.168.1.100
2024-09-22 18:26:45.717732,0,0,109.03343343734741,0.0,0.0,5.0,44.4,141017399,22858046912,341661,16405506,2.0,,192.168.1.100
2024-09-22 18:26:46.719379,0,0,110.03507995605469,0.0,0.0,10.7,44.5,141018457,22858048127,341670,16405514,2.0,,192.168.1.100
2024-09-22 18:26:47.720996,0,0,111.03669691085815,0.0,0.0,3.5,44.5,141019149,22858048652,341673,16405516,2.0,,192.168.1.100
2024-09-22 18:26:48.725528,0,0,112.04122948646545,0.0,0.0,7.5,44.5,141038560,22858053437,341701,16405538,2.0,,192.168.1.100
2024-09-22 18:26:49.727189,0,0,113.04288983345032,0.0,0.0,7.5,44.5,144231203,22858089879,342021,16405857,2.0,,192.168.1.100
2024-09-22 18:26:50.728835,0,0,114.04453587532043,0.0,0.0,7.5,44.5,144232825,22858090770,342032,16405865,2.0,,192.168.1.100
2024-09-22 18:26:51.730477,0,0,115.0461778640747,0.0,0.0,1.0,44.5,144233883,22858091985,342041,16405873,2.0,,192.168.1.100
2024-09-22 18:26:52.732131,0,0,116.04783248901367,0.0,0.0,3.0,44.5,144234575,22858092510,342044,16405875,2.0,,192.168.1.100
2024-09-22 18:26:53.733763,0,0,117.0494635105133,0.0,0.0,7.6,44.5,144235501,22858093269,342051,16405881,2.0,,192.168.1.100
2024-09-22 18:26:54.735338,0,0,118.05103945732117,0.0,0.0,7.9,44.5,144265715,22858110203,342144,16405964,2.0,,192.168.1.100
2024-09-22 18:26:55.737073,0,0,119.05277395248413,0.0,0.0,6.1,44.5,144278523,22858127350,342181,16405998,2.0,,192.168.1.100
2024-09-22 18:26:56.738718,0,0,120.05441856384277,0.0,0.0,15.2,44.3,144376566,22858191262,342309,16406124,2.0,,192.168.1.100
2024-09-22 18:26:57.740334,0,0,121.05603528022766,0.0,0.0,1.0,44.3,144383274,22858199281,342347,16406161,2.0,,192.168.1.100
2024-09-22 18:26:58.744716,0,0,122.06041693687439,0.0,0.0,10.6,44.3,144390022,22858208593,342381,16406194,2.0,,192.168.1.100
2024-09-22 18:26:59.746391,0,0,123.06209206581116,0.0,0.0,6.0,44.3,144391245,22858209367,342389,16406200,2.0,,192.168.1.100
2024-09-22 18:27:00.748056,0,0,124.06375741958618,0.0,0.0,10.5,44.3,144460142,22858258366,342460,16406265,2.0,,192.168.1.100
2024-09-22 18:27:01.749691,0,0,125.06539154052734,0.0,0.0,2.0,44.3,144460900,22858258891,342464,16406267,2.0,,192.168.1.100
2024-09-22 18:27:02.750255,0,0,126.06595635414124,0.0,0.0,3.0,44.3,144467547,22858267003,342490,16406292,2.0,,192.168.1.100
2024-09-22 18:27:03.751369,0,0,127.06707048416138,0.0,0.0,1.0,44.3,144469146,22858268630,342507,16406307,2.0,,192.168.1.100
2024-09-22 18:27:04.752453,0,0,128.06815433502197,0.0,0.0,12.1,44.3,144470303,22858269404,342514,16406313,2.0,,192.168.1.100
2024-09-22 18:27:05.753593,0,0,129.06929421424866,0.0,0.0,6.0,44.3,144471526,22858270690,342522,16406320,2.0,,192.168.1.100
2024-09-22 18:27:06.754653,0,0,130.07035398483276,0.0,0.0,10.2,44.6,144490769,22858275241,342547,16406338,2.0,,192.168.1.100
2024-09-22 18:27:07.755759,0,0,131.07146000862122,0.0,0.0,0.0,44.6,144491461,22858275832,342550,16406341,2.0,,192.168.1.100
2024-09-22 18:27:08.760215,0,0,132.07591581344604,0.0,0.0,3.5,44.6,144492453,22858276657,342558,16406348,2.0,,192.168.1.100
2024-09-22 18:27:09.761843,0,0,133.07754373550415,0.0,0.0,11.0,44.6,144493676,22858277497,342566,16406355,2.0,,192.168.1.100
2024-09-22 18:27:10.763463,0,0,134.07916450500488,0.0,0.0,7.5,44.6,144495265,22858278939,342580,16406367,2.0,,192.168.1.100
2024-09-22 18:27:11.765072,0,0,135.08077263832092,0.0,0.0,0.5,44.6,144496023,22858279530,342584,16406370,2.0,,192.168.1.100
2024-09-22 18:27:12.766749,0,0,136.08245038986206,0.0,0.0,4.0,44.6,144515200,22858284081,342608,16406388,2.0,,192.168.1.100
2024-09-22 18:27:13.768371,0,0,137.0840721130371,0.0,0.0,0.0,44.6,144516126,22858284840,342615,16406394,2.0,,192.168.1.100
2024-09-22 18:27:14.769957,0,0,138.08565759658813,0.0,0.0,7.5,44.6,144517283,22858285614,342622,16406400,2.0,,192.168.1.100
2024-09-22 18:27:15.771580,0,0,139.08728122711182,0.0,0.0,10.1,44.1,144518440,22858286388,342629,16406406,2.0,,192.168.1.100
2024-09-22 18:27:16.772241,0,0,140.08794164657593,0.0,0.0,10.0,44.4,144519132,22858286913,342632,16406408,2.0,,192.168.1.100
2024-09-22 18:27:17.773929,0,0,141.08962965011597,0.0,0.0,2.5,44.4,144519824,22858287438,342635,16406410,2.0,,192.168.1.100
2024-09-22 18:27:18.778294,0,0,142.09399509429932,0.0,0.0,3.0,44.4,144539235,22858292223,342663,16406432,2.0,,192.168.1.100
2024-09-22 18:27:19.779922,0,0,143.09562277793884,0.0,0.0,4.0,44.4,144551088,22858293195,342673,16406441,2.0,,192.168.1.100
2024-09-22 18:27:20.781635,0,0,144.0973355770111,0.0,0.0,15.0,44.4,144552311,22858294351,342681,16406448,2.0,,192.168.1.100
2024-09-22 18:27:21.783266,0,0,145.0989670753479,0.0,0.0,2.0,44.4,144553003,22858294876,342684,16406450,2.0,,192.168.1.100
2024-09-22 18:27:22.784899,0,0,146.10060024261475,0.0,0.0,7.5,44.4,144571905,22858313745,342762,16406523,2.0,,192.168.1.100
2024-09-22 18:27:23.785587,0,0,147.10128784179688,0.0,0.0,2.0,44.4,144595659,22858342798,342901,16406661,2.0,,192.168.1.100
2024-09-22 18:27:24.787192,0,0,148.10289311408997,0.0,0.0,6.0,44.4,144619467,22858351844,342961,16406711,2.0,,192.168.1.100
2024-09-22 18:27:25.788723,0,0,149.10442352294922,0.0,0.0,11.2,44.5,144624256,22858359583,342999,16406742,2.0,,192.168.1.100
2024-09-22 18:27:26.790437,0,0,150.1061384677887,0.0,0.0,5.5,44.5,144644236,22858383398,343098,16406840,2.0,,192.168.1.100
2024-09-22 18:27:27.792053,0,0,151.10775351524353,0.0,0.0,14.6,44.3,144670421,22858413940,343246,16406985,2.0,,192.168.1.100
2024-09-22 18:27:28.796545,0,0,152.11224555969238,0.0,0.0,3.5,44.3,144671965,22858415035,343259,16406996,2.0,,192.168.1.100
2024-09-22 18:27:29.797590,0,0,153.11329078674316,0.0,0.0,85.4,45.1,144677880,22858421865,343286,16407021,2.0,,192.168.1.100
2024-09-22 18:27:30.798834,0,0,154.11453533172607,0.0,0.0,53.0,45.5,144699252,22858427480,343323,16407049,2.0,,192.168.1.100
2024-09-22 18:27:31.800501,0,0,155.11620211601257,0.0,0.0,8.9,45.6,144706997,22858436202,343365,16407086,2.0,,192.168.1.100
2024-09-22 18:27:32.802088,0,0,156.11778926849365,0.0,0.0,3.0,45.6,144710437,22858440125,343382,16407101,2.0,,192.168.1.100
2024-09-22 18:27:33.803674,0,0,157.11937522888184,0.0,0.0,0.5,45.6,144711922,22858441133,343394,16407111,2.0,,192.168.1.100
2024-09-22 18:27:34.805292,0,0,158.12099313735962,0.0,0.0,5.6,45.6,144720497,22858451041,343448,16407164,2.0,,192.168.1.100
2024-09-22 18:27:35.806945,0,0,159.1226463317871,0.0,0.0,5.6,45.6,144728621,22858459726,343483,16407195,2.0,,192.168.1.100
2024-09-22 18:27:36.808556,0,0,160.1242573261261,0.0,0.0,32.0,45.7,144833576,22858516799,343552,16407253,2.0,,192.168.1.100
2024-09-22 18:27:37.809606,0,0,161.1253068447113,0.0,0.0,70.0,46.0,144888188,22858587874,343673,16407383,2.0,,192.168.1.100
2024-09-22 18:27:38.813587,0,0,162.12928795814514,0.0,0.0,25.8,46.1,144987149,22858653022,343794,16407500,2.0,,192.168.1.100
2024-09-22 18:27:39.815227,0,0,163.13092756271362,0.0,0.0,6.5,46.1,145072798,22858705327,343862,16407563,2.0,,192.168.1.100
2024-09-22 18:27:40.816837,0,0,164.13253808021545,0.0,0.0,7.1,46.0,145157730,22858757986,343920,16407618,2.0,,192.168.1.100
2024-09-22 18:27:41.818541,0,0,165.13424229621887,0.0,0.0,6.0,46.1,145163337,22858765334,343945,16407641,2.0,,192.168.1.100
2024-09-22 18:27:42.820820,0,0,166.13652062416077,0.0,0.0,57.8,46.0,145284830,22858831437,344039,16407723,2.0,,192.168.1.100
2024-09-22 18:27:43.821643,0,0,167.13734364509583,0.0,0.0,34.8,46.0,145326147,22858896363,344169,16407859,2.0,,192.168.1.100
2024-09-22 18:27:44.823278,0,0,168.1389787197113,0.0,0.0,8.5,46.0,145413873,22858946260,344248,16407930,2.0,,192.168.1.100
2024-09-22 18:27:45.824892,0,0,169.14059281349182,0.0,0.0,4.5,46.0,145422767,22858953379,344285,16407962,2.0,,192.168.1.100
2024-09-22 18:27:46.826568,0,0,170.14226865768433,0.0,0.0,53.2,46.0,145526444,22859027244,344402,16408077,2.0,,192.168.1.100
2024-09-22 18:27:47.828222,0,0,171.1439232826233,0.0,0.0,20.7,46.3,145637808,22859124693,344528,16408202,2.0,,192.168.1.100
2024-09-22 18:27:48.832647,0,0,172.14834785461426,0.0,0.0,1.5,46.3,145671055,22859133278,344575,16408240,2.0,,192.168.1.100
2024-09-22 18:27:49.834263,0,0,173.1499638557434,0.0,0.0,11.9,46.4,145706528,22859170868,344758,16408414,2.0,,192.168.1.100
2024-09-22 18:27:50.835846,0,0,174.15154671669006,0.0,0.0,5.0,46.4,145734421,22859203960,344917,16408572,2.0,,192.168.1.100
2024-09-22 18:27:51.837417,0,0,175.1531183719635,0.0,0.0,12.3,46.4,145751105,22859224389,345011,16408666,2.0,,192.168.1.100
2024-09-22 18:27:52.839089,0,0,176.15479016304016,0.0,0.0,7.1,46.3,145763098,22859238187,345079,16408732,2.0,,192.168.1.100
2024-09-22 18:27:53.840786,0,0,177.15648698806763,0.0,0.0,4.0,46.3,145764536,22859239694,345094,16408745,2.0,,192.168.1.100
2024-09-22 18:27:54.842374,0,0,178.15807509422302,0.0,0.0,5.1,46.3,145799422,22859261656,345218,16408858,2.0,,192.168.1.100
2024-09-22 18:27:55.843920,0,0,179.15962052345276,0.0,0.0,3.5,46.3,145826578,22859285225,345324,16408958,2.0,,192.168.1.100
2024-09-22 18:27:56.845554,0,0,180.1612548828125,0.0,0.0,7.9,46.3,145856086,22859309022,345405,16409042,2.0,,192.168.1.100
2024-09-22 18:27:57.847166,0,0,181.16286706924438,0.0,0.0,12.2,46.3,145873232,22859335389,345441,16409082,2.0,,192.168.1.100
2024-09-22 18:27:58.851634,0,0,182.16733527183533,0.0,0.0,9.5,46.3,145885535,22859350951,345512,16409152,2.0,,192.168.1.100
2024-09-22 18:27:59.853227,0,0,183.16892838478088,0.0,0.0,5.5,46.3,145892098,22859356730,345553,16409187,2.0,,192.168.1.100
2024-09-22 18:28:00.854858,0,0,184.17055940628052,0.0,0.0,3.5,46.3,146018222,22859440189,345669,16409301,2.0,,192.168.1.100
2024-09-22 18:28:01.856463,0,0,185.17216396331787,0.0,0.0,8.0,46.4,146037606,22859458346,345747,16409376,2.0,,192.168.1.100
2024-09-22 18:28:02.858057,0,0,186.1737575531006,0.0,0.0,18.3,46.3,146051605,22859468576,345815,16409442,2.0,,192.168.1.100
2024-09-22 18:28:03.859703,0,0,187.17540383338928,0.0,0.0,25.5,46.3,146055784,22859475303,345834,16409462,2.0,,192.168.1.100
2024-09-22 18:28:04.861313,0,0,188.17701363563538,0.0,0.0,17.2,46.2,146058915,22859478641,345857,16409483,2.0,,192.168.1.100
2024-09-22 18:28:05.863042,0,0,189.17874264717102,0.0,0.0,3.5,46.2,146114115,22859509332,345895,16409522,2.0,,192.168.1.100
2024-09-22 18:28:06.864140,0,0,190.17984056472778,0.0,0.0,10.4,46.2,146158830,22859548925,345990,16409613,2.0,,192.168.1.100
2024-09-22 18:28:07.865240,0,0,191.18094110488892,0.0,0.0,11.6,45.8,146161720,22859552132,346012,16409633,2.0,,192.168.1.100
2024-09-22 18:28:08.870570,0,0,192.1862711906433,0.0,0.0,4.5,45.8,146168469,22859561086,346042,16409663,2.0,,192.168.1.100
2024-09-22 18:28:09.872233,0,0,193.18793439865112,0.0,0.0,10.6,45.8,146170631,22859562791,346061,16409678,2.0,,192.168.1.100
2024-09-22 18:28:10.873607,0,0,194.1893081665039,0.0,0.0,1.5,45.8,146171906,22859563617,346070,16409685,2.0,,192.168.1.100
2024-09-22 18:28:11.875188,0,0,195.19088888168335,0.0,0.0,8.0,45.8,146174886,22859566470,346090,16409702,2.0,,192.168.1.100
2024-09-22 18:28:12.876805,0,0,196.19250583648682,0.0,0.0,0.5,45.8,146194372,22859571492,346119,16409725,2.0,,192.168.1.100
2024-09-22 18:28:13.878487,0,0,197.19418787956238,0.0,0.0,2.5,45.8,146195613,22859572662,346131,16409735,2.0,,192.168.1.100
2024-09-22 18:28:14.880071,0,0,198.1957721710205,0.0,0.0,9.6,46.0,146198075,22859575057,346155,16409756,2.0,,192.168.1.100
2024-09-22 18:28:15.881684,0,0,199.19738507270813,0.0,0.0,3.4,46.0,146199232,22859575765,346162,16409761,2.0,,192.168.1.100
2024-09-22 18:28:16.883329,0,0,200.19902992248535,0.0,0.0,6.0,46.0,146200797,22859577221,346175,16409772,2.0,,192.168.1.100
2024-09-22 18:28:17.884931,0,0,201.2006323337555,0.0,0.0,8.1,46.0,146201489,22859577746,346178,16409774,2.0,,192.168.1.100
2024-09-22 18:28:18.891040,0,0,202.20674085617065,0.0,0.0,4.5,46.0,146221665,22859583316,346215,16409804,2.0,,192.168.1.100
2024-09-22 18:28:19.892646,0,0,203.20834732055664,0.0,0.0,13.6,45.5,146233585,22859584604,346226,16409813,2.0,,192.168.1.100
2024-09-22 18:28:20.894237,0,0,204.2099380493164,0.0,0.0,0.5,45.5,146234742,22859585312,346233,16409818,2.0,,192.168.1.100
2024-09-22 18:28:21.895789,0,0,205.21149039268494,0.0,0.0,8.5,45.5,146235434,22859585837,346236,16409820,2.0,,192.168.1.100
2024-09-22 18:28:22.897399,0,0,206.21309995651245,0.0,0.0,1.0,45.5,146236126,22859586362,346239,16409822,2.0,,192.168.1.100
2024-09-22 18:28:23.899072,0,0,207.2147731781006,0.0,0.0,3.5,45.5,146237418,22859587811,346252,16409834,2.0,,192.168.1.100
2024-09-22 18:28:24.900178,0,0,208.21587896347046,0.0,0.0,6.0,45.6,146257839,22859593172,346287,16409861,2.0,,192.168.1.100
2024-09-22 18:28:25.901880,0,0,209.2175807952881,0.0,0.0,8.6,45.7,146261900,22859600221,346318,16409885,2.0,,192.168.1.100
2024-09-22 18:28:26.903483,0,0,210.21918392181396,0.0,0.0,5.5,45.7,146262592,22859600746,346321,16409887,2.0,,192.168.1.100
2024-09-22 18:28:27.905081,0,0,211.22078156471252,0.0,0.0,6.0,45.7,146263284,22859601271,346324,16409889,2.0,,192.168.1.100
2024-09-22 18:28:28.909621,0,0,212.2253222465515,0.0,0.0,9.5,45.9,146264729,22859602873,346339,16409903,2.0,,192.168.1.100
2024-09-22 18:28:29.911187,0,0,213.22688794136047,0.0,0.0,5.5,45.9,146265886,22859603581,346346,16409908,2.0,,192.168.1.100
2024-09-22 18:28:30.912784,0,0,214.2284848690033,0.0,0.0,8.0,45.9,146286243,22859608737,346379,16409933,2.0,,192.168.1.100
2024-09-22 18:28:31.914384,0,0,215.23008513450623,0.0,0.0,8.0,45.9,146286935,22859609262,346382,16409935,2.0,,192.168.1.100
2024-09-22 18:28:32.916004,0,0,216.23170495033264,0.0,0.0,0.5,45.9,146287627,22859609787,346385,16409937,2.0,,192.168.1.100
2024-09-22 18:28:33.917607,0,0,217.23330760002136,0.0,0.0,3.0,45.9,146289013,22859611302,346399,16409950,2.0,,192.168.1.100
2024-09-22 18:28:34.919173,0,0,218.2348735332489,0.0,0.0,3.0,45.9,146290170,22859612076,346406,16409956,2.0,,192.168.1.100
2024-09-22 18:28:35.920738,0,0,219.23643851280212,0.0,0.0,7.5,45.9,146291327,22859612850,346413,16409962,2.0,,192.168.1.100
2024-09-22 18:28:36.922323,0,0,220.2380244731903,0.0,0.0,9.5,45.9,146310574,22859617401,346438,16409980,2.0,,192.168.1.100
2024-09-22 18:28:37.923946,0,0,221.2396469116211,0.0,0.0,1.5,45.9,146311383,22859618043,346443,16409984,2.0,,192.168.1.100
2024-09-22 18:28:38.928810,0,0,222.24451065063477,0.0,0.0,9.6,46.0,146312192,22859618685,346448,16409988,2.0,,192.168.1.100
2024-09-22 18:28:39.929600,0,0,223.24530148506165,0.0,0.0,3.0,46.0,146313715,22859620149,346461,16410000,2.0,,192.168.1.100
2024-09-22 18:28:40.931277,0,0,224.24697828292847,0.0,0.0,3.5,46.0,146314872,22859620923,346468,16410006,2.0,,192.168.1.100
2024-09-22 18:28:41.932167,0,0,225.24786806106567,0.0,0.0,11.6,45.6,146315564,22859621448,346471,16410008,2.0,,192.168.1.100
2024-09-22 18:28:42.933727,0,0,226.24942779541016,0.0,0.0,2.5,45.6,146334858,22859626116,346497,16410028,2.0,,192.168.1.100
2024-09-22 18:28:43.935285,0,0,227.25098633766174,0.0,0.0,0.5,45.6,146335967,22859627360,346507,16410037,2.0,,192.168.1.100
2024-09-22 18:28:44.936935,0,0,228.2526364326477,0.0,0.0,3.0,45.6,146337124,22859628134,346514,16410043,2.0,,192.168.1.100
2024-09-22 18:28:45.938730,0,0,229.25443124771118,0.0,0.0,3.5,45.6,146338281,22859628908,346521,16410049,2.0,,192.168.1.100
2024-09-22 18:28:46.940350,0,0,230.25605130195618,0.0,0.0,14.5,45.8,146338973,22859629433,346524,16410051,2.0,,192.168.1.100
2024-09-22 18:28:47.942040,0,0,231.25774121284485,0.0,0.0,1.0,45.8,146339782,22859630075,346529,16410055,2.0,,192.168.1.100
2024-09-22 18:28:48.946381,0,0,232.2620816230774,0.0,0.0,11.5,46.0,146359376,22859635411,346560,16410081,2.0,,192.168.1.100
2024-09-22 18:28:49.948028,0,0,233.26372861862183,0.0,0.0,1.5,46.0,146360533,22859636185,346567,16410087,2.0,,192.168.1.100
2024-09-22 18:28:50.949639,0,0,234.2653398513794,0.0,0.0,7.5,46.0,146371545,22859649660,346627,16410146,2.0,,192.168.1.100
2024-09-22 18:28:51.951281,0,0,235.26698184013367,0.0,0.0,6.0,46.0,146387517,22859668935,346716,16410234,2.0,,192.168.1.100
2024-09-22 18:28:52.952991,0,0,236.2686915397644,0.0,0.0,10.1,46.0,146396322,22859679323,346767,16410284,2.0,,192.168.1.100
2024-09-22 18:28:53.954681,0,0,237.27038192749023,0.0,0.0,2.0,46.0,146401051,22859685183,346798,16410314,2.0,,192.168.1.100
2024-09-22 18:28:54.956344,0,0,238.27204537391663,0.0,0.0,3.5,46.0,146497231,22859730413,346865,16410369,2.0,,192.168.1.100
2024-09-22 18:28:55.957937,0,0,239.27363753318787,0.0,0.0,6.5,46.0,146503315,22859736582,346887,16410388,2.0,,192.168.1.100
2024-09-22 18:28:56.959545,0,0,240.2752456665039,0.0,0.0,8.5,46.0,146505318,22859739055,346901,16410400,2.0,,192.168.1.100
2024-09-22 18:28:57.961197,0,0,241.27689790725708,0.0,0.0,9.0,46.0,146509730,22859745312,346916,16410415,2.0,,192.168.1.100
2024-09-22 18:28:58.965655,0,0,242.28135633468628,0.0,0.0,11.6,46.0,146510839,22859746556,346926,16410424,2.0,,192.168.1.100
2024-09-22 18:28:59.967331,0,0,243.28303241729736,0.0,0.0,1.5,46.0,146511996,22859747264,346933,16410429,2.0,,192.168.1.100
2024-09-22 18:29:00.968974,0,0,244.28467464447021,0.0,0.0,5.5,46.0,146531704,22859752510,346962,16410451,2.0,,192.168.1.100
2024-09-22 18:29:01.970655,0,0,245.28635597229004,0.0,0.0,5.5,46.0,146532462,22859753101,346966,16410454,2.0,,192.168.1.100
2024-09-22 18:29:02.972272,0,0,246.2879729270935,0.0,0.0,6.0,46.0,146533337,22859753743,346972,16410458,2.0,,192.168.1.100
2024-09-22 18:29:03.973958,0,0,247.28965854644775,0.0,0.0,8.6,46.0,146537541,22859765578,347004,16410491,2.0,,192.168.1.100
2024-09-22 18:29:04.975618,0,0,248.29131889343262,0.0,0.0,2.5,46.0,146538764,22859766418,347012,16410498,2.0,,192.168.1.100
2024-09-22 18:29:05.977271,0,0,249.29297184944153,0.0,0.0,3.5,46.0,146540053,22859767258,347021,16410505,2.0,,192.168.1.100
2024-09-22 18:29:06.978961,0,0,250.29466223716736,0.0,0.0,8.0,46.0,146559296,22859771941,347046,16410525,2.0,,192.168.1.100
2024-09-22 18:29:07.980585,0,0,251.29628562927246,0.0,0.0,0.0,46.0,146560105,22859772583,347051,16410529,2.0,,192.168.1.100
2024-09-22 18:29:08.984924,0,0,252.3006250858307,0.0,0.0,19.4,46.1,146561214,22859773827,347061,16410538,2.0,,192.168.1.100
2024-09-22 18:29:09.986571,0,0,253.30227208137512,0.0,0.0,2.0,46.1,146581556,22859787156,347085,16410563,2.0,,192.168.1.100
2024-09-22 18:29:10.988330,0,0,254.30403089523315,0.0,0.0,6.9,46.1,146615379,22859812200,347124,16410604,2.0,,192.168.1.100
2024-09-22 18:29:11.989519,0,0,255.30521988868713,0.0,0.0,5.5,46.1,146618881,22859816843,347142,16410622,2.0,,192.168.1.100
2024-09-22 18:29:12.990582,0,0,256.30628299713135,0.0,0.0,6.0,46.1,146646072,22859825574,347192,16410666,2.0,,192.168.1.100
2024-09-22 18:29:13.991680,0,0,257.30738067626953,0.0,0.0,7.5,46.1,146646881,22859826216,347197,16410670,2.0,,192.168.1.100
2024-09-22 18:29:14.992744,0,0,258.30844473838806,0.0,0.0,4.0,46.1,146824278,22859943030,347294,16410773,2.0,,192.168.1.100
2024-09-22 18:29:15.993687,0,0,259.30938816070557,0.0,0.0,3.0,46.1,146825435,22859943738,347301,16410778,2.0,,192.168.1.100
2024-09-22 18:29:16.994756,0,0,260.3104569911957,0.0,0.0,9.5,46.1,146830780,22859948755,347337,16410808,2.0,,192.168.1.100
2024-09-22 18:29:17.995835,0,0,261.3115358352661,0.0,0.0,2.0,46.1,146913207,22860000315,347379,16410853,2.0,,192.168.1.100
2024-09-22 18:29:19.000270,0,0,262.3159713745117,0.0,0.0,14.1,45.8,147007733,22860044751,347438,16410904,2.0,,192.168.1.100
2024-09-22 18:29:20.001850,0,0,263.31755113601685,0.0,0.0,8.0,45.8,147019718,22860046105,347450,16410914,2.0,,192.168.1.100
2024-09-22 18:29:21.003486,0,0,264.3191874027252,0.0,0.0,5.0,45.8,147021880,22860048322,347469,16410930,2.0,,192.168.1.100
2024-09-22 18:29:22.005102,0,0,265.32080340385437,0.0,0.0,6.0,45.8,147022704,22860048979,347474,16410934,2.0,,192.168.1.100
2024-09-22 18:29:23.006769,0,0,266.32247042655945,0.0,0.0,3.5,45.8,147024997,22860050815,347495,16410951,2.0,,192.168.1.100
2024-09-22 18:29:24.008405,0,0,267.32410645484924,0.0,0.0,1.0,45.8,147026238,22860052213,347507,16410962,2.0,,192.168.1.100
2024-09-22 18:29:25.009979,0,0,268.3256802558899,0.0,0.0,11.0,45.9,147048011,22860058702,347556,16411001,2.0,,192.168.1.100
2024-09-22 18:29:26.011627,0,0,269.3273284435272,0.0,0.0,2.5,45.9,147052204,22860065817,347589,16411026,2.0,,192.168.1.100
2024-09-22 18:29:27.013255,0,0,270.32895612716675,0.0,0.0,6.5,45.9,147053769,22860067273,347602,16411037,2.0,,192.168.1.100
2024-09-22 18:29:28.014975,0,0,271.3306758403778,0.0,0.0,5.5,45.9,147054578,22860067915,347607,16411041,2.0,,192.168.1.100
2024-09-22 18:29:29.018961,0,0,272.3346621990204,0.0,0.0,11.5,46.0,147056371,22860069583,347624,16411056,2.0,,192.168.1.100
2024-09-22 18:29:30.020644,0,0,273.33634519577026,0.0,0.0,5.5,46.0,147060142,22860070724,347636,16411065,2.0,,192.168.1.100
2024-09-22 18:29:31.022240,0,0,274.3379409313202,0.0,0.0,8.5,46.0,147080499,22860075880,347669,16411090,2.0,,192.168.1.100
2024-09-22 18:29:32.023864,0,0,275.33956503868103,0.0,0.0,0.5,46.0,147081191,22860076405,347672,16411092,2.0,,192.168.1.100
2024-09-22 18:29:33.025592,0,0,276.3412928581238,0.0,0.0,7.5,46.1,147082000,22860077047,347677,16411096,2.0,,192.168.1.100
2024-09-22 18:29:34.027192,0,0,277.34289264678955,0.0,0.0,1.5,46.1,147083203,22860078357,347688,16411106,2.0,,192.168.1.100
2024-09-22 18:29:35.028821,0,0,278.3445224761963,0.0,0.0,3.0,46.1,147084360,22860079131,347695,16411112,2.0,,192.168.1.100
2024-09-22 18:29:36.030450,0,0,279.346150636673,0.0,0.0,11.1,46.1,147085517,22860079905,347702,16411118,2.0,,192.168.1.100
2024-09-22 18:29:37.032044,0,0,280.3477449417114,0.0,0.0,2.5,46.1,147104694,22860084456,347726,16411136,2.0,,192.168.1.100
2024-09-22 18:29:38.033673,0,0,281.349374294281,0.0,0.0,10.0,46.1,147620114,22860390982,347844,16411273,2.0,,192.168.1.100
2024-09-22 18:29:39.037631,0,0,282.35333156585693,0.0,0.0,5.0,46.1,147621289,22860392292,347855,16411283,2.0,,192.168.1.100
2024-09-22 18:29:40.039324,0,0,283.3550250530243,0.0,0.0,8.0,46.2,147631946,22860401968,347896,16411318,2.0,,192.168.1.100
2024-09-22 18:29:41.040817,0,0,284.35651755332947,0.0,0.0,14.2,46.2,147636067,22860408284,347908,16411331,2.0,,192.168.1.100
2024-09-22 18:29:42.042349,0,0,285.35805010795593,0.0,0.0,1.0,46.2,147637356,22860409124,347917,16411338,2.0,,192.168.1.100
2024-09-22 18:29:43.043972,0,0,286.3596725463867,0.0,0.0,8.5,46.2,147656965,22860414203,347948,16411362,2.0,,192.168.1.100
2024-09-22 18:29:44.045582,0,0,287.36128330230713,0.0,0.0,1.0,46.2,147658206,22860415601,347960,16411373,2.0,,192.168.1.100
2024-09-22 18:29:45.047148,0,0,288.3628489971161,0.0,0.0,0.5,46.2,147659561,22860416507,347970,16411381,2.0,,192.168.1.100
2024-09-22 18:29:46.048793,0,0,289.36449432373047,0.0,0.0,6.1,46.2,147660916,22860417347,347980,16411388,2.0,,192.168.1.100
2024-09-22 18:29:47.049608,0,0,290.36530900001526,0.0,0.0,5.5,46.2,147661608,22860417872,347983,16411390,2.0,,192.168.1.100
2024-09-22 18:29:48.051354,0,0,291.36705470085144,0.0,0.0,8.0,46.2,147662417,22860418514,347988,16411394,2.0,,192.168.1.100
2024-09-22 18:29:49.055835,0,0,292.3715362548828,0.0,0.0,1.5,46.2,147682077,22860423872,348020,16411420,2.0,,192.168.1.100
2024-09-22 18:29:50.057517,0,0,293.3732180595398,0.0,0.0,11.6,46.2,147685734,22860428836,348037,16411435,2.0,,192.168.1.100
2024-09-22 18:29:51.059145,0,0,294.37484645843506,0.0,0.0,4.5,46.2,147686891,22860429544,348044,16411440,2.0,,192.168.1.100
2024-09-22 18:29:52.060815,0,0,295.3765158653259,0.0,0.0,9.6,45.7,147690206,22860432266,348062,16411454,2.0,,192.168.1.100
2024-09-22 18:29:53.062457,0,0,296.3781576156616,0.0,0.0,5.5,45.7,147693894,22860438450,348071,16411465,2.0,,192.168.1.100
2024-09-22 18:29:54.064089,0,0,297.37979006767273,0.0,0.0,3.5,45.7,147695135,22860439848,348083,16411476,2.0,,192.168.1.100
2024-09-22 18:29:55.065737,0,0,298.3814375400543,0.0,0.0,1.0,45.7,147716361,22860445878,348126,16411510,2.0,,192.168.1.100
2024-09-22 18:29:56.067355,0,0,299.3830564022064,0.0,0.0,5.0,45.7,147717584,22860446586,348134,16411515,2.0,,192.168.1.100
